id;first_name;last_name;email;family_member
1;Newton;Hansen;Marquis.Hettinger@gmail.com;17957
2;Caden;Brown;Charlene.Ratke26@gmail.com;28538
3;Joanne;Block;Aron_Becker81@hotmail.com;28785
4;Shanie;Brown;Ismael_Beatty21@gmail.com;19977
5;Herta;Schuster;Abagail.Flatley@gmail.com;18013
6;Bernita;Batz;Petra.Rice@gmail.com;30633
7;Ethan;VonRueden;Mable_Cruickshank29@gmail.com;24548
8;Janet;Hegmann-Schuster;Florian_Johnson@gmail.com;20967
9;Ramiro;Barton;Yesenia70@yahoo.com;16555
10;Kyle;Yost;Ashly_Okuneva-Roob@hotmail.com;14259
